AuthorID,Author,Date,Content,Attachments,Reactions
"1292652323226779772","eb1120","2026-01-18T19:15:48.2320000+00:00","Joined the server.","",""
"1292652323226779772","eb1120","2026-01-18T19:15:52.6970000+00:00","","",""
"978288890928590899","mafi43211","2026-01-18T19:16:17.8840000+00:00","Joined the server.","",""
"1292652323226779772","eb1120","2026-01-18T19:16:25.8240000+00:00","","",""
"978288890928590899","mafi43211","2026-01-18T19:16:31.7310000+00:00","","",""
"846666693883199539",".szymk.","2026-01-18T19:16:56.6430000+00:00","Joined the server.","",""
"846666693883199539",".szymk.","2026-01-18T19:16:59.6980000+00:00","","",""
"846666693883199539",".szymk.","2026-01-18T19:17:02.7410000+00:00","","",""
"846666693883199539",".szymk.","2026-01-18T19:17:04.9010000+00:00","","",""
"978288890928590899","mafi43211","2026-01-18T19:17:24.7170000+00:00","do i invite fisher?","",""
"978288890928590899","mafi43211","2026-01-18T19:17:29.4360000+00:00","he on our side?","",""
"1154255244981698652","kzi_2","2026-01-18T19:17:41.7930000+00:00","No clue","",""
"1154255244981698652","kzi_2","2026-01-18T19:17:45.1230000+00:00","But sure","",""
"1154255244981698652","kzi_2","2026-01-18T19:17:47.5880000+00:00","He is on our side","",""
"1195410543280930827","diaxmc","2026-01-18T19:23:26.6960000+00:00","Joined the server.","",""
"1195410543280930827","diaxmc","2026-01-18T19:23:29.0230000+00:00","","",""
"846666693883199539",".szymk.","2026-01-18T19:23:32.3750000+00:00","","",""
"1195410543280930827","diaxmc","2026-01-18T19:23:51.3470000+00:00","Dobryy vechor(Idk Russian I‚Äôm sorry)","",""
"1195410543280930827","diaxmc","2026-01-18T19:23:54.7480000+00:00","Smth like that","",""
"1195410543280930827","diaxmc","2026-01-18T19:23:57.5270000+00:00","Good evening","",""
"1154255244981698652","kzi_2","2026-01-18T19:24:32.4350000+00:00","Alright","",""
"1154255244981698652","kzi_2","2026-01-18T19:24:36.8600000+00:00","Everybody.","",""
"1154255244981698652","kzi_2","2026-01-18T19:24:53.8100000+00:00","Attack RRR as fast as you possibly can","",""
"1154255244981698652","kzi_2","2026-01-18T19:25:03.2400000+00:00","Well, except for sibir","",""
"978288890928590899","mafi43211","2026-01-18T19:25:15.6110000+00:00","so, my plan is for you to put all these forces and attack their cities in a blitcs","assets/image-15F60.png",""
"1195410543280930827","diaxmc","2026-01-18T19:25:27.7280000+00:00","Who you?","",""
"978288890928590899","mafi43211","2026-01-18T19:25:33.3330000+00:00","am sibir","",""
"1195410543280930827","diaxmc","2026-01-18T19:25:39.5020000+00:00","Ah","",""
"978288890928590899","mafi43211","2026-01-18T19:25:39.7120000+00:00","i have to deal with 4 of their divs","",""
"978288890928590899","mafi43211","2026-01-18T19:25:50.0280000+00:00","kathai gonna send me 3 divs","",""
"978288890928590899","mafi43211","2026-01-18T19:25:53.4850000+00:00","and some to all of you","","üî• (4)"
"978288890928590899","mafi43211","2026-01-18T19:26:28.7670000+00:00","RRR is ichenya puppet","assets/image-C1DD2.png","‚úÖ (1)"
"1195410543280930827","diaxmc","2026-01-18T19:27:07.8540000+00:00","Bruh","",""
"1154255244981698652","kzi_2","2026-01-18T19:27:09.0510000+00:00","I can get someone to try and assassinate Lem or rainbow","",""
"1292652323226779772","eb1120","2026-01-18T19:27:10.8960000+00:00","Okay, the fact that the warhost said that","",""
"978288890928590899","mafi43211","2026-01-18T19:27:18.6110000+00:00","rainbow","",""
"978288890928590899","mafi43211","2026-01-18T19:27:25.0630000+00:00","Rainbow is bjorn bitch","",""
"978288890928590899","mafi43211","2026-01-18T19:27:27.3110000+00:00","Lem isn't","",""
"1154255244981698652","kzi_2","2026-01-18T19:27:49.7000000+00:00","Lem does want to work with me","",""
"846666693883199539",".szymk.","2026-01-18T19:28:02.9940000+00:00","Really?","",""
"1154255244981698652","kzi_2","2026-01-18T19:28:11.7480000+00:00","Believe it or not","",""
"978288890928590899","mafi43211","2026-01-18T19:28:18.9930000+00:00","so ye, kill rainbow","",""
"1154255244981698652","kzi_2","2026-01-18T19:28:23.1910000+00:00","He wants to but he still wants power","",""
"846666693883199539",".szymk.","2026-01-18T19:28:23.7450000+00:00","Hm
Maybe since Ichenya Is great threat, we should create some sort of coalition","",""
"978288890928590899","mafi43211","2026-01-18T19:28:23.8390000+00:00","Rainbow is BJorn puppet","",""
"978288890928590899","mafi43211","2026-01-18T19:28:33.2740000+00:00","NO","",""
"1292652323226779772","eb1120","2026-01-18T19:28:33.6750000+00:00","And then humiliate lem","",""
"978288890928590899","mafi43211","2026-01-18T19:28:36.5320000+00:00","We kill rainbow","",""
"978288890928590899","mafi43211","2026-01-18T19:28:41.9480000+00:00","that hte goal","",""
"1154255244981698652","kzi_2","2026-01-18T19:28:45.1270000+00:00","Ykw","",""
"978288890928590899","mafi43211","2026-01-18T19:28:48.3910000+00:00","and we negoiate further","",""
"978288890928590899","mafi43211","2026-01-18T19:28:53.1620000+00:00","we could end the war just like that","",""
"978288890928590899","mafi43211","2026-01-18T19:28:57.7610000+00:00","with Killing rainbow","",""
"1154255244981698652","kzi_2","2026-01-18T19:29:14.5810000+00:00","I want to work with Lem but, after We hand over the army to someone, we hold elections and elect someone else and force lem to marry them or smth","",""
"1154255244981698652","kzi_2","2026-01-18T19:29:16.2600000+00:00","Idk","",""
"1292652323226779772","eb1120","2026-01-18T19:29:31.0100000+00:00","We are not working with lem","",""
"1154255244981698652","kzi_2","2026-01-18T19:29:31.1220000+00:00","But in the end, everyone is happy. Except rainbow","",""
"846666693883199539",".szymk.","2026-01-18T19:29:43.4530000+00:00","They threaten me","assets/Screenshot_2026-01-18-20-29-12-802_com.dis-6445B.jpg,assets/Screenshot_2026-01-18-20-29-16-340_com.dis-5F8F2.jpg,assets/Screenshot_2026-01-18-20-29-19-146_com.dis-370D1.jpg,assets/Screenshot_2026-01-18-20-29-22-824_com.dis-8A3BF.jpg",""
"846666693883199539",".szymk.","2026-01-18T19:29:57.3630000+00:00","Bruh that plan is kinda ba","",""
"978288890928590899","mafi43211","2026-01-18T19:30:19.5650000+00:00","We can all agree on this, Rainbow needs to die","",""
"1154255244981698652","kzi_2","2026-01-18T19:30:37.0950000+00:00","**what. Coalition. Is. He. Talking. About. ?.**","",""
"1154255244981698652","kzi_2","2026-01-18T19:30:47.4450000+00:00","# Did you tell him?","",""
"1292652323226779772","eb1120","2026-01-18T19:31:01.0590000+00:00","Yeah, if they invade, they have to deal with all of us","",""
"978288890928590899","mafi43211","2026-01-18T19:31:06.5990000+00:00","Dont give him a single cent","",""
"1154255244981698652","kzi_2","2026-01-18T19:31:19.6420000+00:00","Don't work with that shit stain","",""
"978288890928590899","mafi43211","2026-01-18T19:31:23.8480000+00:00","We are killing rainbow and ending this shit","",""
"1154255244981698652","kzi_2","2026-01-18T19:31:33.4030000+00:00","I'll see if I can get help from anyone","",""
"978288890928590899","mafi43211","2026-01-18T19:31:40.3620000+00:00","@KZI  find somebody to kill rainbow","",""
"1154255244981698652","kzi_2","2026-01-18T19:31:46.4030000+00:00","I mean Aneko will send some divisions if they feel like it","",""
"1195410543280930827","diaxmc","2026-01-18T19:31:47.4030000+00:00","Bruh ichen(nya) intervening","",""
"978288890928590899","mafi43211","2026-01-18T19:32:31.1240000+00:00","@everyone  NO WORKING WITH BJORN","","‚úÖ (2)"
"978288890928590899","mafi43211","2026-01-18T19:32:37.6880000+00:00","no sneding him money","",""
"1154255244981698652","kzi_2","2026-01-18T19:32:44.1700000+00:00","Who would?","",""
"978288890928590899","mafi43211","2026-01-18T19:32:50.5270000+00:00","Oranje don't send him money","",""
"846666693883199539",".szymk.","2026-01-18T19:33:02.8310000+00:00","Buh","",""
"978288890928590899","mafi43211","2026-01-18T19:33:06.9150000+00:00","if he bombs your airforce","",""
"978288890928590899","mafi43211","2026-01-18T19:33:11.6920000+00:00","Kathai can bomb RRR","",""
"1154255244981698652","kzi_2","2026-01-18T19:33:16.1600000+00:00","We can call in Kathai","",""
"1292652323226779772","eb1120","2026-01-18T19:33:22.0610000+00:00","Yes","",""
"846666693883199539",".szymk.","2026-01-18T19:33:22.1580000+00:00","He gonna bomb it","",""
"1292652323226779772","eb1120","2026-01-18T19:33:30.6970000+00:00","But that's all in the future","",""
"978288890928590899","mafi43211","2026-01-18T19:33:31.8150000+00:00","Still, don't give him money","",""
"1154255244981698652","kzi_2","2026-01-18T19:33:32.5680000+00:00","Or make Lem enact the United pact","",""
"1292652323226779772","eb1120","2026-01-18T19:33:39.5730000+00:00","Aslo, this is the warhost","",""
"1154255244981698652","kzi_2","2026-01-18T19:33:47.7670000+00:00","Rainbow is making us all enemies","",""
"1292652323226779772","eb1120","2026-01-18T19:33:53.4270000+00:00","Is nobody else concerned about that?","",""
"1154255244981698652","kzi_2","2026-01-18T19:33:54.4920000+00:00","Rainbow is the real threat","","‚úÖ (2)"
"1154255244981698652","kzi_2","2026-01-18T19:34:10.6890000+00:00","I am but what can we do?","",""
"1154255244981698652","kzi_2","2026-01-18T19:34:17.8270000+00:00","Request another one?","",""
"846666693883199539",".szymk.","2026-01-18T19:34:30.6940000+00:00","Okay listen
Ichenya did said they establish peacekeeping zone
If they literally gonna go to war with us, just inform everyone that they bunch of liars and we will get People support","","‚úÖ (4)"
"978288890928590899","mafi43211","2026-01-18T19:34:38.7150000+00:00","also @Oranje  all the money you send to bjorn","",""
"978288890928590899","mafi43211","2026-01-18T19:34:41.9790000+00:00","he will use to fund RRR","",""
"978288890928590899","mafi43211","2026-01-18T19:34:43.3570000+00:00","soo dont","",""
"846666693883199539",".szymk.","2026-01-18T19:35:00.7350000+00:00","Yes","",""
"978288890928590899","mafi43211","2026-01-18T19:35:09.8760000+00:00","Dont send him the money","",""
"1154255244981698652","kzi_2","2026-01-18T19:35:10.1720000+00:00","K, found someone who can.","",""
"978288890928590899","mafi43211","2026-01-18T19:35:22.4910000+00:00","kz find a assasin","",""
"1154255244981698652","kzi_2","2026-01-18T19:35:30.5560000+00:00","But it's not a 100%","",""
"1154255244981698652","kzi_2","2026-01-18T19:35:37.0890000+00:00","Done","",""
"846666693883199539",".szymk.","2026-01-18T19:35:40.7750000+00:00","Or we can do Osama bin laden mobe","",""
"978288890928590899","mafi43211","2026-01-18T19:36:00.8180000+00:00","if it fails we go with my plan and have a sudden suprise attack from the east","assets/image-833B1.png",""
"1154255244981698652","kzi_2","2026-01-18T19:36:22.2740000+00:00","You can technically Bombard wherever rainbow irp is","",""
"846666693883199539",".szymk.","2026-01-18T19:36:41.2470000+00:00","","",""
"1195410543280930827","diaxmc","2026-01-18T19:36:44.5590000+00:00","","",""
"846666693883199539",".szymk.","2026-01-18T19:36:45.2430000+00:00","Idk where he js","",""
"1154255244981698652","kzi_2","2026-01-18T19:36:53.8260000+00:00","If he dies, we have a chance to ""work"" with him","",""
"978288890928590899","mafi43211","2026-01-18T19:36:56.5340000+00:00","@Fishermann  this is our plan, we need somebody to kill rainbow","","üíÄ (1)"
"1195410543280930827","diaxmc","2026-01-18T19:36:57.3470000+00:00","From what faction is he","",""
"1154255244981698652","kzi_2","2026-01-18T19:36:58.8860000+00:00","And basically win","",""
"1154255244981698652","kzi_2","2026-01-18T19:37:03.4140000+00:00","Yo","",""
"978288890928590899","mafi43211","2026-01-18T19:37:06.5730000+00:00","lem is not ichenya puppet","",""
"978288890928590899","mafi43211","2026-01-18T19:37:12.8910000+00:00","only rainbow","",""
"978288890928590899","mafi43211","2026-01-18T19:37:19.3560000+00:00","we need to get rid of him","",""
"1154255244981698652","kzi_2","2026-01-18T19:37:42.8350000+00:00","Rainbow is riding Ichenyan meat so hard~ 
-# @Mafi43211 , I already accepted that I'm getting banned","",""
"1154255244981698652","kzi_2","2026-01-18T19:38:01.3760000+00:00","Much harder than how I ride yours","",""
"978288890928590899","mafi43211","2026-01-18T19:38:11.4760000+00:00","ü§®","",""
"1195410543280930827","diaxmc","2026-01-18T19:38:32.4350000+00:00",".","",""
"1154255244981698652","kzi_2","2026-01-18T19:38:33.2090000+00:00","","assets/Screenshot_20260109-002040-FC01A.jpg",""
"1154255244981698652","kzi_2","2026-01-18T19:38:48.9780000+00:00","Someone pull this move fr","",""
"846666693883199539",".szymk.","2026-01-18T19:38:55.6070000+00:00",":emoji_1:","",""
"1154255244981698652","kzi_2","2026-01-18T19:39:01.5930000+00:00","# Kathai","",""
"978288890928590899","mafi43211","2026-01-18T19:39:13.5780000+00:00","Kathai on our side","",""
"1154255244981698652","kzi_2","2026-01-18T19:39:15.9580000+00:00","The ones whose meat I ride","",""
"1154255244981698652","kzi_2","2026-01-18T19:39:20.2730000+00:00","A lot","",""
"1154255244981698652","kzi_2","2026-01-18T19:39:25.1570000+00:00","And hard","",""
"978288890928590899","mafi43211","2026-01-18T19:39:31.9640000+00:00","https://tenor.com/view/michaeljordan-mj-basketball-gif-michael-jordan-no-no-no-no-gif-16220345851539903827","",""
"846666693883199539",".szymk.","2026-01-18T19:40:00.8790000+00:00",":cupcake:","",""
"1154255244981698652","kzi_2","2026-01-18T19:40:30.4310000+00:00","""Yes. I ride meat""","assets/Screenshot_20251219-165813-D798D.jpg",""
"978288890928590899","mafi43211","2026-01-18T19:40:30.7420000+00:00","In short, we need a assasin to slime rainbow","",""
"1154255244981698652","kzi_2","2026-01-18T19:40:40.9790000+00:00","""Kathai meat""","",""
"978288890928590899","mafi43211","2026-01-18T19:40:53.1190000+00:00","OK WE GET IT","",""
"1154255244981698652","kzi_2","2026-01-18T19:41:03.6850000+00:00","I ride it a lot~","",""
"978288890928590899","mafi43211","2026-01-18T19:41:08.9700000+00:00","SYBAU","",""
"1154255244981698652","kzi_2","2026-01-18T19:41:10.0110000+00:00","Day and nigh-","",""
"1154255244981698652","kzi_2","2026-01-18T19:41:13.8810000+00:00","Alright","",""
"1154255244981698652","kzi_2","2026-01-18T19:41:18.7310000+00:00","I had my fun","",""
"1154255244981698652","kzi_2","2026-01-18T19:41:20.4500000+00:00","Anyways","",""
"1195410543280930827","diaxmc","2026-01-18T19:41:22.1080000+00:00","Ah","",""
"1154255244981698652","kzi_2","2026-01-18T19:41:23.9650000+00:00","Back to topic","",""
"1195410543280930827","diaxmc","2026-01-18T19:41:24.9320000+00:00","Right","",""
"846666693883199539",".szymk.","2026-01-18T19:41:26.0170000+00:00","","assets/Screenshot_2026-01-18-20-41-04-422_com.dis-907A7.jpg",""
"978288890928590899","mafi43211","2026-01-18T19:41:33.9410000+00:00","dont' dm rainbow","",""
"978288890928590899","mafi43211","2026-01-18T19:41:35.5210000+00:00","dm proat","",""
"978288890928590899","mafi43211","2026-01-18T19:41:48.0050000+00:00","SO","",""
"1195410543280930827","diaxmc","2026-01-18T19:41:53.5130000+00:00","You drunk again or something","",""
"978288890928590899","mafi43211","2026-01-18T19:41:54.0920000+00:00","@KZI   who your assasin","",""
"1154255244981698652","kzi_2","2026-01-18T19:42:06.3960000+00:00","ShoftSoap","",""
"846666693883199539",".szymk.","2026-01-18T19:42:14.8740000+00:00","","",""
"846666693883199539",".szymk.","2026-01-18T19:42:15.9850000+00:00","Problem","",""
"1154255244981698652","kzi_2","2026-01-18T19:42:16.8860000+00:00","He said he'll do it soon","",""
"846666693883199539",".szymk.","2026-01-18T19:42:35.8290000+00:00","Even though it is deliberate lie, we have problem with that","",""
"1154255244981698652","kzi_2","2026-01-18T19:42:43.5010000+00:00","This son of a bitch.","",""
"846666693883199539",".szymk.","2026-01-18T19:42:55.8040000+00:00","I gonna do something to destroy his position even more","",""
"1154255244981698652","kzi_2","2026-01-18T19:43:03.7480000+00:00","Ykw, I will take blame for those","",""
"1154255244981698652","kzi_2","2026-01-18T19:43:21.9280000+00:00","As my illegal Naval Forces","",""
"1154255244981698652","kzi_2","2026-01-18T19:43:30.8480000+00:00","Or smth","",""
"846666693883199539",".szymk.","2026-01-18T19:47:59.2720000+00:00","","",""
"846666693883199539",".szymk.","2026-01-18T19:48:00.7140000+00:00","Pretty peaceful speech calling for investigation","",""
"846666693883199539",".szymk.","2026-01-18T19:48:07.6310000+00:00",":cupcake:","",""
"1195410543280930827","diaxmc","2026-01-18T19:49:29.6110000+00:00","Bro why tf you made ts emojiü•Ä","",""
"846666693883199539",".szymk.","2026-01-18T19:49:39.2890000+00:00","Why not","",""
"1154255244981698652","kzi_2","2026-01-18T19:50:02.0980000+00:00","I'ma make a post rq demanding a 3rd party investigation","",""
"846666693883199539",".szymk.","2026-01-18T19:51:27.1510000+00:00","","",""
"1195410543280930827","diaxmc","2026-01-18T19:51:44.6900000+00:00","Bro","",""
"978288890928590899","mafi43211","2026-01-18T19:52:32.7640000+00:00","@KZI  find a assasin then","",""
"1154255244981698652","kzi_2","2026-01-18T19:52:51.1530000+00:00","Done","",""
"978288890928590899","mafi43211","2026-01-18T19:53:12.2120000+00:00","lem never a puppet to anybody","",""
"978288890928590899","mafi43211","2026-01-18T19:53:21.5570000+00:00","she will prob stop working with ichenya if rainbow dead","",""
"1154255244981698652","kzi_2","2026-01-18T19:56:49.1770000+00:00","Ngl, they used to be an ally to me","",""
"1154255244981698652","kzi_2","2026-01-18T19:57:01.7140000+00:00","# **But rainbow**","",""
"978288890928590899","mafi43211","2026-01-18T20:06:44.8820000+00:00","who is it?","",""
"1154255244981698652","kzi_2","2026-01-18T20:06:54.7700000+00:00","ShoftSoap","",""
"978288890928590899","mafi43211","2026-01-18T20:06:59.4870000+00:00","good","",""
"1154255244981698652","kzi_2","2026-01-18T20:07:01.5590000+00:00","Ykw","",""
"978288890928590899","mafi43211","2026-01-18T20:07:03.8400000+00:00","if rainbow dies","",""
"1154255244981698652","kzi_2","2026-01-18T20:07:06.2740000+00:00","I can talk to lem about it","",""
"978288890928590899","mafi43211","2026-01-18T20:07:07.3010000+00:00","it our victory","",""
"978288890928590899","mafi43211","2026-01-18T20:07:15.4790000+00:00","and how about this, we don't even haave to war eachother","",""
"978288890928590899","mafi43211","2026-01-18T20:07:24.0420000+00:00","we could end hte russsenian cifvil war lik that","",""
"978288890928590899","mafi43211","2026-01-18T20:07:36.2570000+00:00","form a council and autonomus regions","",""
"978288890928590899","mafi43211","2026-01-18T20:07:54.2460000+00:00","United Russenian federation","",""
"1195410543280930827","diaxmc","2026-01-18T20:08:11.3210000+00:00","Rainbow what faction","",""
"978288890928590899","mafi43211","2026-01-18T20:08:16.7560000+00:00","With Belorussenia, Chernavia, SIbir geting a special autonomus status","",""
"978288890928590899","mafi43211","2026-01-18T20:08:19.9580000+00:00","RRR","",""
"1195410543280930827","diaxmc","2026-01-18T20:08:22.0550000+00:00","Belorusenia?","",""
"1195410543280930827","diaxmc","2026-01-18T20:08:24.8140000+00:00","Ah","",""
"1195410543280930827","diaxmc","2026-01-18T20:08:28.0090000+00:00","Ok","",""
"1195410543280930827","diaxmc","2026-01-18T20:08:47.1570000+00:00","Nah Sybir and Chernavia","",""
"846666693883199539",".szymk.","2026-01-18T20:10:09.2030000+00:00","Hm
I have idea
We may go some things
I control all affairs of Chernavi and territory some rusenian
Rest factions get their territory 
Sibir, khurevia and belorus get autonomy 
Tsitograd is controlled by sun cult:cupcake: 
Pretty non serious proposal not gonna lie","",""
"1195410543280930827","diaxmc","2026-01-18T20:11:59.9490000+00:00","Nah Belorusenia and Khurevia get no autonomy","",""
"1154255244981698652","kzi_2","2026-01-18T20:12:08.9740000+00:00","Everybody","",""
"978288890928590899","mafi43211","2026-01-18T20:12:17.1220000+00:00","belorussenai should","",""
"978288890928590899","mafi43211","2026-01-18T20:12:23.3360000+00:00","we need them on our side","",""
"1154255244981698652","kzi_2","2026-01-18T20:12:39.7780000+00:00","Even the Military Junta of @Elliott","",""
"978288890928590899","mafi43211","2026-01-18T20:12:48.5340000+00:00","Ok we are listening","",""
"846666693883199539",".szymk.","2026-01-18T20:13:07.2720000+00:00","Well Tablov doesn't really have any minority 
They just regionalists","",""
"1154255244981698652","kzi_2","2026-01-18T20:13:13.8860000+00:00","Ik","",""
"978288890928590899","mafi43211","2026-01-18T20:13:28.7890000+00:00","SO, rainbow dies, we get lem to peace out","",""
"978288890928590899","mafi43211","2026-01-18T20:13:38.2050000+00:00","then we form a United russenian federation","",""
"1154255244981698652","kzi_2","2026-01-18T20:13:47.7270000+00:00","But they can have their own autonomous Administrationary province to do.. whatever they want ig","",""
"846666693883199539",".szymk.","2026-01-18T20:14:08.1030000+00:00","What about United Rusenian Federative State","",""
"1154255244981698652","kzi_2","2026-01-18T20:14:10.5430000+00:00","Like how I had putai Autonomous Province","",""
"1195410543280930827","diaxmc","2026-01-18T20:14:26.1890000+00:00","Why","",""
"846666693883199539",".szymk.","2026-01-18T20:14:31.7970000+00:00",":emoji_1:","",""
"978288890928590899","mafi43211","2026-01-18T20:14:37.3300000+00:00","we need evrebody","",""
"978288890928590899","mafi43211","2026-01-18T20:14:45.8130000+00:00","since for all we know ichenya could send all they got","",""
"1154255244981698652","kzi_2","2026-01-18T20:14:57.5800000+00:00","We are facing someone stronger than all of us combined","","‚úÖ (1)"
"978288890928590899","mafi43211","2026-01-18T20:15:15.3880000+00:00","so in a way, we are the white army","",""
"978288890928590899","mafi43211","2026-01-18T20:15:19.2000000+00:00","but better organised","",""
"846666693883199539",".szymk.","2026-01-18T20:16:01.7680000+00:00","If better organised I don't know
But anyways biggest priority Is survival of the state
Then independence of the state
And then relevance of the state","",""
"978288890928590899","mafi43211","2026-01-18T20:16:44.6450000+00:00","Our goal is to destroy RRR","",""
"1154255244981698652","kzi_2","2026-01-18T20:16:50.3730000+00:00","Yup","",""
"978288890928590899","mafi43211","2026-01-18T20:16:58.1660000+00:00","we push from here","assets/image-942C6.png",""
"978288890928590899","mafi43211","2026-01-18T20:17:02.0940000+00:00","suprise attack","",""
"1195410543280930827","diaxmc","2026-01-18T20:17:03.5480000+00:00","Yeah yeah","",""
"978288890928590899","mafi43211","2026-01-18T20:17:13.7940000+00:00","take the cities at all cost","",""
"978288890928590899","mafi43211","2026-01-18T20:17:18.8130000+00:00","if they lose the cities, they fall","",""
"846666693883199539",".szymk.","2026-01-18T20:17:34.8650000+00:00","Well we can get encircled","",""
"978288890928590899","mafi43211","2026-01-18T20:17:43.4170000+00:00","look at where their forces are","",""
"978288890928590899","mafi43211","2026-01-18T20:17:51.1330000+00:00","they will be busy fighting kzi","",""
"1195410543280930827","diaxmc","2026-01-18T20:17:59.2160000+00:00","‚úÖ ‚úÖ ‚úÖ ‚úÖ","",""
"978288890928590899","mafi43211","2026-01-18T20:19:51.1480000+00:00","@Oranje  redirect your troops in chernavia towards mainalnd RRR","",""
"846666693883199539",".szymk.","2026-01-18T20:20:04.4340000+00:00","Bruh it is literally too late
I already rolled","",""
"978288890928590899","mafi43211","2026-01-18T20:20:20.9760000+00:00","just saying for next turn","",""
"978288890928590899","mafi43211","2026-01-18T20:20:29.3860000+00:00","next turn focus on moving into mainland RRR","",""
"846666693883199539",".szymk.","2026-01-18T20:20:56.8280000+00:00","O think I also gonna send one reserve division into border with ichenya","",""
"1195410543280930827","diaxmc","2026-01-18T20:21:20.7460000+00:00","Also why can‚Äôt we get mode divs after war had started?","",""
"846666693883199539",".szymk.","2026-01-18T20:21:31.7700000+00:00","Idk","",""
"978288890928590899","mafi43211","2026-01-18T20:25:02.3070000+00:00","white are all the members so far?","assets/image-84362.png",""
"978288890928590899","mafi43211","2026-01-18T20:25:21.0620000+00:00","@here  do we invite belorussenia","",""
"1154255244981698652","kzi_2","2026-01-18T20:25:21.1490000+00:00","Red guy as well","",""
"1154255244981698652","kzi_2","2026-01-18T20:25:28.2970000+00:00","Yes","",""
"1154255244981698652","kzi_2","2026-01-18T20:25:36.3730000+00:00","The blacks are no threat","",""
"1195410543280930827","diaxmc","2026-01-18T20:25:39.1030000+00:00","Yeah","",""
"1195410543280930827","diaxmc","2026-01-18T20:25:44.0070000+00:00","Yeah yeah","",""
"1195410543280930827","diaxmc","2026-01-18T20:25:48.8880000+00:00","I‚Äôm gonna attack them","",""
"1154255244981698652","kzi_2","2026-01-18T20:26:07.7790000+00:00","Just conquer them quickly to encircle RRR","",""
"1195410543280930827","diaxmc","2026-01-18T20:27:42.0490000+00:00","Ts ok our flag","assets/971273E7-808C-46F0-905E-5D842152D58E-78C8B.png",""
"1154255244981698652","kzi_2","2026-01-18T20:28:04.2370000+00:00","My flag is all black","",""
"1195410543280930827","diaxmc","2026-01-18T20:28:10.0010000+00:00","Why","",""
"1154255244981698652","kzi_2","2026-01-18T20:28:35.2840000+00:00","Cuz we don't want to show how much blood is stained in it to achieve it","",""
"1154255244981698652","kzi_2","2026-01-18T20:28:46.1540000+00:00","Freedom comes at a cost","",""
"1154255244981698652","kzi_2","2026-01-18T20:29:24.1620000+00:00","And that cost we will not let our future children see.","",""
"1195410543280930827","diaxmc","2026-01-18T20:33:13.0160000+00:00","Yeah","",""
"1195410543280930827","diaxmc","2026-01-18T20:33:28.1720000+00:00","I think you miswrote it","",""
"1195410543280930827","diaxmc","2026-01-18T20:33:42.6300000+00:00","You meant that we will sacrifice ourselves so that our children can see it","",""
"1154255244981698652","kzi_2","2026-01-18T20:33:57.5540000+00:00","Well, blood isn't visible in black cloth so","",""
"1154255244981698652","kzi_2","2026-01-18T20:34:40.3400000+00:00","Yk, I remember how when my brother shot me, I was wearing a black shirt and the blood didn't show up","",""
"1195410543280930827","diaxmc","2026-01-18T20:35:05.0490000+00:00","üíÄ üíÄ üíÄ","",""
"1195410543280930827","diaxmc","2026-01-18T20:35:17.3460000+00:00","Why brother shot you","",""
"1154255244981698652","kzi_2","2026-01-18T20:35:31.8070000+00:00","I made a threat","",""
"1195410543280930827","diaxmc","2026-01-18T20:35:37.2030000+00:00","What threat","",""
"1154255244981698652","kzi_2","2026-01-18T20:36:08.5880000+00:00","CHAT","",""
"846666693883199539",".szymk.","2026-01-18T20:36:14.2170000+00:00",":emoji_1:","",""
"1154255244981698652","kzi_2","2026-01-18T20:36:25.5600000+00:00","DISCORD IS ADDING AGE VERIFICATION üíÄ","",""
"846666693883199539",".szymk.","2026-01-18T20:36:33.3800000+00:00","What","",""
"1154255244981698652","kzi_2","2026-01-18T20:36:35.8700000+00:00","I mean we can't talk anymore","",""
"846666693883199539",".szymk.","2026-01-18T20:36:45.0920000+00:00","Where is info","",""
"1154255244981698652","kzi_2","2026-01-18T20:36:56.0740000+00:00","Check Twitter","",""
"1195410543280930827","diaxmc","2026-01-18T20:36:58.9880000+00:00","To everyone?","",""
"1154255244981698652","kzi_2","2026-01-18T20:37:01.3140000+00:00","Their official post","",""
"846666693883199539",".szymk.","2026-01-18T20:37:11.2810000+00:00","Hm
I do not have twitte","",""
"1154255244981698652","kzi_2","2026-01-18T20:37:15.3490000+00:00","They're expanding from the UK and Australia","",""
"1154255244981698652","kzi_2","2026-01-18T20:37:20.9330000+00:00","Brb","",""
"1195410543280930827","diaxmc","2026-01-18T20:37:36.2310000+00:00","To everywhere?","",""
"1154255244981698652","kzi_2","2026-01-18T20:38:07.7060000+00:00","Likely","assets/Screenshot_20260119-033757-32FDD.jpg",""
"1195410543280930827","diaxmc","2026-01-18T20:38:31.1290000+00:00","How bro got gun even","",""
"846666693883199539",".szymk.","2026-01-18T20:38:43.1140000+00:00","Well I am 16, I probably have nothin to fear","",""
"1195410543280930827","diaxmc","2026-01-18T20:38:58.6290000+00:00","AI age verification is dumb","",""
"1195410543280930827","diaxmc","2026-01-18T20:39:10.0810000+00:00","Like I mean that is mistakes a lot","",""
"1195410543280930827","diaxmc","2026-01-18T20:39:18.9270000+00:00","And you can get lower or higher age","",""
"846666693883199539",".szymk.","2026-01-18T20:39:36.6640000+00:00","Smile less and do some gestures that will show you in older image","",""
"1195410543280930827","diaxmc","2026-01-18T20:40:05.8220000+00:00","Bro I don‚Äôt smile so it will work properly?","",""
"1154255244981698652","kzi_2","2026-01-18T20:40:14.7710000+00:00","Ikr","",""
"640132837554782219","takui___","2026-01-18T20:59:21.4510000+00:00","Joined the server.","",""
"978288890928590899","mafi43211","2026-01-18T20:59:25.6310000+00:00","","",""
"978288890928590899","mafi43211","2026-01-18T20:59:47.9870000+00:00","all the members so far","assets/image-5F79B.png",""
"1154255244981698652","kzi_2","2026-01-18T20:59:53.5780000+00:00","Miles THE BLACK ONE, is left","",""
"1195410543280930827","diaxmc","2026-01-18T20:59:58.5890000+00:00","","",""
"978288890928590899","mafi43211","2026-01-18T21:00:04.8460000+00:00","diddytier","",""
"846666693883199539",".szymk.","2026-01-18T21:00:05.2030000+00:00","","",""
"978288890928590899","mafi43211","2026-01-18T21:00:19.4530000+00:00","they have 0 miltiary, they are irelvant","",""
"1154255244981698652","kzi_2","2026-01-18T21:00:28.5750000+00:00","Yup","",""
"1195410543280930827","diaxmc","2026-01-18T21:00:29.2290000+00:00","Ueah","",""
"1195410543280930827","diaxmc","2026-01-18T21:00:36.1800000+00:00","I‚Äôm gonna eat them","",""
"1154255244981698652","kzi_2","2026-01-18T21:00:46.3990000+00:00","Okay","",""
"1195410543280930827","diaxmc","2026-01-18T21:01:10.5120000+00:00","","",""
"1195410543280930827","diaxmc","2026-01-18T21:01:18.2330000+00:00","Bjorn should shut up now","",""
"1195410543280930827","diaxmc","2026-01-18T21:02:03.2360000+00:00","-# I love ragebaiting people with acting like of the exact ideological beliefs they hate the most because are on the other side of the spectrum for them","","üî• (1)"
"1195410543280930827","diaxmc","2026-01-18T21:03:00.9570000+00:00","(People that are enemies)","",""
"978288890928590899","mafi43211","2026-01-18T21:05:29.5040000+00:00","and funniest part, this ain't even rly a coaltion on a faction","",""
"978288890928590899","mafi43211","2026-01-18T21:05:33.7110000+00:00","it a coaltion on one guy","",""
"640132837554782219","takui___","2026-01-18T21:07:06.1640000+00:00","One guy?","",""
"640132837554782219","takui___","2026-01-18T21:07:08.0460000+00:00","Lem?","",""
"640132837554782219","takui___","2026-01-18T21:07:12.2780000+00:00","Bjorn?","",""
"978288890928590899","mafi43211","2026-01-18T21:07:14.1770000+00:00","no","",""
"978288890928590899","mafi43211","2026-01-18T21:07:15.2490000+00:00","Rainbow","",""
"978288890928590899","mafi43211","2026-01-18T21:07:18.3900000+00:00","We want him dead","",""
"640132837554782219","takui___","2026-01-18T21:07:24.0440000+00:00","Why lol","",""
"978288890928590899","mafi43211","2026-01-18T21:07:29.5100000+00:00","Lem, lem was willing to have good relations with some","",""
"978288890928590899","mafi43211","2026-01-18T21:07:37.5820000+00:00","But rainbow, he is a full on bjorn meatrider","",""
"978288890928590899","mafi43211","2026-01-18T21:07:57.0440000+00:00","and he send  warning to all of us","",""
"978288890928590899","mafi43211","2026-01-18T21:07:58.9430000+00:00","acting tuff","",""
"978288890928590899","mafi43211","2026-01-18T21:08:18.3800000+00:00","@Takui  so the plan is mostly, somebody assasinates rainbow","",""
"978288890928590899","mafi43211","2026-01-18T21:08:19.5520000+00:00","we win","",""
"978288890928590899","mafi43211","2026-01-18T21:13:47.7570000+00:00","Kzi to the ???????? person","",""
"978288890928590899","mafi43211","2026-01-18T21:13:49.9390000+00:00","https://cdn.discordapp.com/attachments/1311821295612329984/1430943705992527954/3a693600-fedf-44e6-af6b-a736fd019043_text.gif","",""
"1008693648969441310","viki8375","2026-01-18T21:32:48.2900000+00:00","Joined the server.","",""
"846666693883199539",".szymk.","2026-01-18T21:32:55.8020000+00:00","","",""
"978288890928590899","mafi43211","2026-01-18T21:33:13.6140000+00:00","GET HIM OUT OF HERE","",""
"1008693648969441310","viki8375","2026-01-18T21:33:19.3610000+00:00","why","",""
"978288890928590899","mafi43211","2026-01-18T21:33:26.4000000+00:00","you are not a faction","",""
"978288890928590899","mafi43211","2026-01-18T21:33:30.7920000+00:00","and you worked with bjorn before","",""
"1008693648969441310","viki8375","2026-01-18T21:33:49.8790000+00:00","-# where do you think kzi got monies","",""
"978288890928590899","mafi43211","2026-01-18T21:33:59.5210000+00:00","oh","",""
"1195410543280930827","diaxmc","2026-01-18T21:44:20.1390000+00:00","","",""
"1195410543280930827","diaxmc","2026-01-18T21:44:34.3050000+00:00","Bjorn is stupid again","",""
"1195410543280930827","diaxmc","2026-01-18T21:44:59.7030000+00:00","","",""
"1195410543280930827","diaxmc","2026-01-18T21:45:00.0180000+00:00","Should be enough","",""
"1008693648969441310","viki8375","2026-01-18T21:51:25.6030000+00:00","Make a head pat machine if that isn't enough","",""
"1008693648969441310","viki8375","2026-01-18T21:51:53.9660000+00:00",":emoji_1: where did this emoji get here","",""
"1195410543280930827","diaxmc","2026-01-18T22:34:03.1950000+00:00","@Oranje Made it","",""
"1195410543280930827","diaxmc","2026-01-18T22:34:28.0000000+00:00","Nah it needs to be from humans not machine","",""
"1195410543280930827","diaxmc","2026-01-18T22:56:51.6510000+00:00","@here what moves should I do","",""
"640132837554782219","takui___","2026-01-18T22:57:47.4180000+00:00","Get your troops to the RRR's border asap and try to inflict all damage you can I'll help and outflank them soon","",""
"640132837554782219","takui___","2026-01-18T22:59:18.4020000+00:00","I'll attack from the north with like 3 inf and an arty so with concentration I could prob prob break their line if I outflank them","",""
"1195410543280930827","diaxmc","2026-01-18T23:03:58.9140000+00:00","","",""
"1195410543280930827","diaxmc","2026-01-18T23:04:24.3340000+00:00","You Belorusenia right","",""
"640132837554782219","takui___","2026-01-18T23:19:41.5100000+00:00","Yeah yeah","",""
"1195410543280930827","diaxmc","2026-01-18T23:19:57.2600000+00:00","","",""
"1195410543280930827","diaxmc","2026-01-18T23:20:02.3800000+00:00","What rainbow did","",""
"640132837554782219","takui___","2026-01-18T23:20:40.4980000+00:00","RRR are stretched too thin so my 3 inf and arty group is strong enough to destroy their line in one flanking maneuver and some luck","",""
"978288890928590899","mafi43211","2026-01-18T23:22:15.3650000+00:00","Bjorn low key made our Job 20x easier","",""
"640132837554782219","takui___","2026-01-18T23:22:27.2760000+00:00","Explain how","",""
"978288890928590899","mafi43211","2026-01-18T23:22:35.6000000+00:00","If it wasnt for high we wouldnt be fighting all together","",""
"1292652323226779772","eb1120","2026-01-19T01:06:12.2820000+00:00","","",""
"1292652323226779772","eb1120","2026-01-19T01:06:12.9640000+00:00","@everyone","",""
"1195410543280930827","diaxmc","2026-01-19T01:06:18.5480000+00:00","Yeah bro","",""
"1195410543280930827","diaxmc","2026-01-19T01:06:27.4610000+00:00","Bro needed more head pats","",""
"1292652323226779772","eb1120","2026-01-19T01:06:49.9350000+00:00","so all of uss have to fight him","",""
"1195410543280930827","diaxmc","2026-01-19T01:06:51.8880000+00:00","Everyone needs to spam them at him probablyü•Ä","",""
"1292652323226779772","eb1120","2026-01-19T01:06:51.9680000+00:00","at once","",""
"1195410543280930827","diaxmc","2026-01-19T01:07:18.6580000+00:00","Guys spam head pt emoji at hi and say that you giving bjorn head pats","",""
"1195410543280930827","diaxmc","2026-01-19T01:07:32.6300000+00:00","To annoy the fuck out of him","",""
"1195410543280930827","diaxmc","2026-01-19T01:08:00.2380000+00:00","Ragebait","",""
"1195410543280930827","diaxmc","2026-01-19T01:08:57.3780000+00:00",".","",""
"863807554181398528","girorogi","2026-01-19T01:47:40.1720000+00:00","Joined the server.","",""
"1292652323226779772","eb1120","2026-01-19T02:35:07.9350000+00:00","","",""
"846666693883199539",".szymk.","2026-01-19T05:31:06.8470000+00:00","","",""
"1154255244981698652","kzi_2","2026-01-19T05:31:39.0870000+00:00","The RRR will fight alongside Ichenya, it is no use","",""
"1195410543280930827","diaxmc","2026-01-19T06:33:01.7480000+00:00","","",""
"640132837554782219","takui___","2026-01-19T06:51:06.3700000+00:00","Ice?","",""
"1154255244981698652","kzi_2","2026-01-19T06:52:00.2940000+00:00","He misspelled Ichenya","",""
"1154255244981698652","kzi_2","2026-01-19T06:52:29.4620000+00:00","Technically we are all united","",""
"1154255244981698652","kzi_2","2026-01-19T06:52:33.1650000+00:00","Except RRR","",""
"1154255244981698652","kzi_2","2026-01-19T06:52:53.9020000+00:00","They're the ones threatening us and working with Ichenya","",""
"978288890928590899","mafi43211","2026-01-19T08:45:54.6190000+00:00","@Fishermann   bamn, you got a free jusitifcation to bomb the same way","",""
"978288890928590899","mafi43211","2026-01-19T08:46:06.4910000+00:00","bc ichenya doing the same thing","",""
"846666693883199539",".szymk.","2026-01-19T08:46:18.1240000+00:00","Yes
Of course RRR","",""
"846666693883199539",".szymk.","2026-01-19T08:46:22.0170000+00:00","Not ichenya","",""
"846666693883199539",".szymk.","2026-01-19T08:46:29.1290000+00:00","World war is not really good option","",""
"846666693883199539",".szymk.","2026-01-19T08:46:39.1510000+00:00","We just need to compromise icheya","",""
"978288890928590899","mafi43211","2026-01-19T08:50:11.6290000+00:00","bjorn confrimed in public he is gonna bomb all of us","",""
"978288890928590899","mafi43211","2026-01-19T08:50:17.5970000+00:00","there your free justification","",""
"978288890928590899","mafi43211","2026-01-19T08:50:28.5650000+00:00","bomb RRR if you want","",""
"978288890928590899","mafi43211","2026-01-19T08:50:50.2060000+00:00","","",""
"978288890928590899","mafi43211","2026-01-19T08:51:35.4780000+00:00","(they made a false flag attack on themself, i just know it)","",""
"978288890928590899","mafi43211","2026-01-19T09:00:26.5530000+00:00","@Fishermann  if bjorn says we shot down your  airforce","",""
"978288890928590899","mafi43211","2026-01-19T09:00:30.7290000+00:00","know it false flag","",""
"611223989687287819","fishermann","2026-01-19T09:00:41.5470000+00:00","i know","",""
"978288890928590899","mafi43211","2026-01-19T09:00:42.1420000+00:00","you clearly see Bjorn game","",""
"611223989687287819","fishermann","2026-01-19T09:13:51.1810000+00:00","anyway","",""
"611223989687287819","fishermann","2026-01-19T09:14:17.1460000+00:00","now Kathai with Ichenia will play funny game, called ""Who will destroy opponent's aligned side of Rusenian civil war first - wins""","",""
"611223989687287819","fishermann","2026-01-19T09:14:19.5530000+00:00","@Mafi43211","",""
"611223989687287819","fishermann","2026-01-19T09:14:35.7070000+00:00","or alternatively Bjorn will start world war, 50/50","",""
"1154255244981698652","kzi_2","2026-01-19T09:18:10.5700000+00:00","@everyone TF ARE YOU DOING?","",""
"1154255244981698652","kzi_2","2026-01-19T09:18:21.3730000+00:00","# @Mafi43211 WE ARE THE TARGET, TF YOU TALKING ABOUT????","",""
"978288890928590899","mafi43211","2026-01-19T09:18:37.9330000+00:00","so, kathai helping us","",""
"1154255244981698652","kzi_2","2026-01-19T09:18:42.6100000+00:00","WE ARE THE ONES TO BE LAOSED THIS RP","",""
"978288890928590899","mafi43211","2026-01-19T09:18:46.2500000+00:00","bjorn started bombing us","",""
"978288890928590899","mafi43211","2026-01-19T09:18:52.0540000+00:00","so fisher will bomb RRR","",""
"1154255244981698652","kzi_2","2026-01-19T09:19:13.3390000+00:00","Yup, Ruseniya is cooked","",""
"611223989687287819","fishermann","2026-01-19T09:19:13.7480000+00:00","hopefully without causing World war","",""
"611223989687287819","fishermann","2026-01-19T09:19:16.1370000+00:00","just to balance it out","",""
"611223989687287819","fishermann","2026-01-19T09:19:21.3510000+00:00","otherwise you are fucked","",""
"978288890928590899","mafi43211","2026-01-19T09:19:25.6720000+00:00","and also, i had to post the gif","",""
"978288890928590899","mafi43211","2026-01-19T09:19:29.5090000+00:00","the cat is so adorable","",""
"978288890928590899","mafi43211","2026-01-19T09:19:32.9410000+00:00","https://tenor.com/view/xafer-catmeme-meme-cat-soldiarcat-gif-4196924155144969562","",""
"1154255244981698652","kzi_2","2026-01-19T09:19:43.6100000+00:00","''**Fucked**'' is an understatement","",""
"1154255244981698652","kzi_2","2026-01-19T09:20:26.1960000+00:00","Aw","",""
"1154255244981698652","kzi_2","2026-01-19T10:23:38.1770000+00:00","","",""
"1154255244981698652","kzi_2","2026-01-19T10:23:43.7070000+00:00","@everyone","",""
"978288890928590899","mafi43211","2026-01-19T10:23:56.6940000+00:00","what is he willing to do in return?","",""
"978288890928590899","mafi43211","2026-01-19T10:24:12.3840000+00:00","tell him if he supports us we will give him the land","",""
"1154255244981698652","kzi_2","2026-01-19T10:24:43.1910000+00:00","He can paint his planes like Ichenyan ones and bomb Kathai to pull them into this","",""
"846666693883199539",".szymk.","2026-01-19T10:24:53.0370000+00:00","I have proposal 
Joint administration zone over that territory","",""
"611223989687287819","fishermann","2026-01-19T10:25:00.7640000+00:00","actually","",""
"611223989687287819","fishermann","2026-01-19T10:25:12.2390000+00:00","you can just give those territories to me","",""
"978288890928590899","mafi43211","2026-01-19T10:25:15.7490000+00:00","Fish look, if we get khazuur on our side","",""
"611223989687287819","fishermann","2026-01-19T10:25:17.9460000+00:00","and i will negotiate with Bjorn about them","",""
"978288890928590899","mafi43211","2026-01-19T10:25:22.9570000+00:00","we can get them to be on our side","",""
"978288890928590899","mafi43211","2026-01-19T10:25:27.0030000+00:00","rather then bjorns","",""
"1154255244981698652","kzi_2","2026-01-19T10:25:41.0640000+00:00","Or they can be Switzerland","",""
"611223989687287819","fishermann","2026-01-19T10:25:44.0820000+00:00","problem:

he is already aligned to bjorn, obviosly","",""
"611223989687287819","fishermann","2026-01-19T10:25:46.6620000+00:00","however","",""
"611223989687287819","fishermann","2026-01-19T10:25:52.8390000+00:00","if you will give those territories to me, i'll negotiate with him","",""
"1154255244981698652","kzi_2","2026-01-19T10:25:52.8970000+00:00","Well fuck.","",""
"978288890928590899","mafi43211","2026-01-19T10:26:03.6990000+00:00","How about this, we give him the land in return he will support us against RRR","",""
"611223989687287819","fishermann","2026-01-19T10:26:06.3320000+00:00","and will try to convince him to support you","",""
"611223989687287819","fishermann","2026-01-19T10:26:17.4380000+00:00","@Mafi43211 @KZI @Oranje","",""
"1154255244981698652","kzi_2","2026-01-19T10:26:41.3100000+00:00","Hmm. You're quite the expansionist nowadays","",""
"611223989687287819","fishermann","2026-01-19T10:26:43.0770000+00:00","mostly because i think Purple realizes that he can just seize those territories, and you will do nothing to him

but this will not work if Kathai will own those territories","",""
"1154255244981698652","kzi_2","2026-01-19T10:26:45.2660000+00:00","But I'm down ig","",""
"1154255244981698652","kzi_2","2026-01-19T10:26:58.9350000+00:00","Good point","",""
"1154255244981698652","kzi_2","2026-01-19T10:29:47.2110000+00:00","@everyone, do we let Kathai seize the territory?","","‚úÖ (1),‚ùå (1)"
"640132837554782219","takui___","2026-01-19T10:56:47.1450000+00:00","","",""
"640132837554782219","takui___","2026-01-19T10:56:48.0230000+00:00","Well... guess we can throw all of these ideas into the trash","",""
"1154255244981698652","kzi_2","2026-01-19T11:00:57.1410000+00:00","@everyone, do we unite against Khazuur rq?","",""
"978288890928590899","mafi43211","2026-01-19T11:01:24.2320000+00:00","no","",""
"978288890928590899","mafi43211","2026-01-19T11:01:31.2880000+00:00","talk to khazuur","",""
"1154255244981698652","kzi_2","2026-01-19T11:01:38.6880000+00:00","Well, not you","",""
"978288890928590899","mafi43211","2026-01-19T11:01:40.7870000+00:00","and agree to recognise their annaxation if they help us","",""
"1154255244981698652","kzi_2","2026-01-19T11:01:49.2260000+00:00","I'ma go ask if Rainbow wanna help :emoji_4:","",""
"978288890928590899","mafi43211","2026-01-19T11:01:58.3990000+00:00","DONT ATTACK KHAZUUR FFS","",""
"640132837554782219","takui___","2026-01-19T11:02:06.5230000+00:00","Holy China moment","",""
"978288890928590899","mafi43211","2026-01-19T11:02:10.2410000+00:00","look, get khazuur to help us AGAINST rrr","",""
"1154255244981698652","kzi_2","2026-01-19T11:02:19.4580000+00:00","They aren't trying to","",""
"1154255244981698652","kzi_2","2026-01-19T11:02:33.1870000+00:00","They are trying their best to ride Ichenyan meat","",""
"978288890928590899","mafi43211","2026-01-19T11:02:33.8920000+00:00","tell them that you will recognise the annaxation if they do","",""
"1154255244981698652","kzi_2","2026-01-19T11:02:43.7850000+00:00","Ffs, I'm executing purple","",""
"1154255244981698652","kzi_2","2026-01-19T11:02:51.0010000+00:00","Fine","",""
"640132837554782219","takui___","2026-01-19T11:03:02.4990000+00:00","I'll handle it","",""
"640132837554782219","takui___","2026-01-19T11:03:07.5080000+00:00","He's my friend","",""
"611223989687287819","fishermann","2026-01-19T11:03:12.3240000+00:00","i fucking told you so.","",""
"611223989687287819","fishermann","2026-01-19T11:03:20.5410000+00:00",".","",""
"611223989687287819","fishermann","2026-01-19T11:03:27.0480000+00:00","@everyone","",""
"611223989687287819","fishermann","2026-01-19T11:03:36.3350000+00:00","you should've just agreed on this tbh","",""
"611223989687287819","fishermann","2026-01-19T11:03:47.0540000+00:00","rn you can't do anything with it, and Khazuurs are still Ichenia-aligned","",""
"1154255244981698652","kzi_2","2026-01-19T11:03:49.5650000+00:00","We did","",""
"1008693648969441310","viki8375","2026-01-19T11:04:00.4800000+00:00","Ally with khazuur for now betray later","",""
"611223989687287819","fishermann","2026-01-19T11:04:22.2260000+00:00","you have minor problem.","",""
"611223989687287819","fishermann","2026-01-19T11:04:32.1200000+00:00","Khazuur is aligned with Ichenia, and Ichenia is aligned with RRR","",""
"611223989687287819","fishermann","2026-01-19T11:04:40.0140000+00:00","long story short, Khazuur is on side of RRR basically","",""
"978288890928590899","mafi43211","2026-01-19T11:04:41.2420000+00:00","i talked with purple","",""
"978288890928590899","mafi43211","2026-01-19T11:04:45.8130000+00:00","he is also worried about ichenya plan","",""
"611223989687287819","fishermann","2026-01-19T11:04:52.5340000+00:00","hmmm","",""
"611223989687287819","fishermann","2026-01-19T11:04:58.9430000+00:00","then try to ensure at least neutrality, and support of you in best case","",""
"978288890928590899","mafi43211","2026-01-19T11:05:06.7110000+00:00","","assets/image-1FB33.png",""
"978288890928590899","mafi43211","2026-01-19T11:05:16.4270000+00:00","@KZI  do as i said","",""
"1154255244981698652","kzi_2","2026-01-19T11:05:31.3200000+00:00","I'm trying","",""
"1154255244981698652","kzi_2","2026-01-19T11:10:52.3270000+00:00","Okay","",""
"1154255244981698652","kzi_2","2026-01-19T11:10:56.7490000+00:00","Update","",""
"1154255244981698652","kzi_2","2026-01-19T11:11:10.4370000+00:00","He doesn't wanna do anything for either side","",""
"1154255244981698652","kzi_2","2026-01-19T11:11:39.2320000+00:00","But he is offering payment","",""
"640132837554782219","takui___","2026-01-19T11:11:49.0110000+00:00","He said the same to me","",""
"846666693883199539",".szymk.","2026-01-19T11:27:34.6400000+00:00","We should leave that thing open so we can have some influence","",""
"846666693883199539",".szymk.","2026-01-19T11:28:11.8390000+00:00","My opinion is to create administrative zone (basically a puppet) for Khazuur","",""
"846666693883199539",".szymk.","2026-01-19T11:28:31.7170000+00:00","Will be acceptable for them and we will be able to influence","",""
"1154255244981698652","kzi_2","2026-01-19T13:03:14.4340000+00:00","@everyone Uh.","",""
"1154255244981698652","kzi_2","2026-01-19T13:03:32.2510000+00:00","I convinced Rainbow to jointly attack Khazuur üò≠","",""
"863807554181398528","girorogi","2026-01-19T13:04:53.5330000+00:00","Damn","",""
"978288890928590899","mafi43211","2026-01-19T13:05:12.4230000+00:00","You fucking mor-","",""
"640132837554782219","takui___","2026-01-19T13:05:22.0120000+00:00","Fucking idiot","",""
"1154255244981698652","kzi_2","2026-01-19T13:05:25.5000000+00:00","Ykw, Chat, let's invade Khazuur and liberate Khurevia frfr","",""
"1154255244981698652","kzi_2","2026-01-19T13:05:27.9460000+00:00","It'll be funny","",""
"640132837554782219","takui___","2026-01-19T13:05:33.9580000+00:00","No","",""
"640132837554782219","takui___","2026-01-19T13:05:40.6220000+00:00","Belorusenia will take no part in that shit","",""
"863807554181398528","girorogi","2026-01-19T13:05:55.0670000+00:00","You send him what?","",""
"978288890928590899","mafi43211","2026-01-19T13:05:59.3410000+00:00","We are SUPPOSED to deal with rrrr","",""
"1154255244981698652","kzi_2","2026-01-19T13:06:13.4320000+00:00","Fine, RRR and RRA have enough forces","",""
"640132837554782219","takui___","2026-01-19T13:06:20.0370000+00:00","Atp only Mafi sounds reasonable","",""
"978288890928590899","mafi43211","2026-01-19T13:06:20.1910000+00:00","@Takui  are they low key stupid?","",""
"640132837554782219","takui___","2026-01-19T13:06:29.8850000+00:00","I think they might be","",""
"1154255244981698652","kzi_2","2026-01-19T13:06:33.9440000+00:00","Ngl, I didn't officially state anything about it","",""
"1154255244981698652","kzi_2","2026-01-19T13:06:44.4460000+00:00","I only DMed Rainbow about it","",""
"863807554181398528","girorogi","2026-01-19T13:06:58.0980000+00:00","Can you send it here?","",""
"978288890928590899","mafi43211","2026-01-19T13:07:13.3380000+00:00","WAIT","",""
"978288890928590899","mafi43211","2026-01-19T13:07:18.2080000+00:00","I HAVE AN IDEA","",""
"863807554181398528","girorogi","2026-01-19T13:07:26.4330000+00:00","I mean like we can change the deal or smth or backstab him maybe","",""
"978288890928590899","mafi43211","2026-01-19T13:07:33.4190000+00:00","MAKE RAINBOW DECLARE WAR ON KHAZUUR ALONE","",""
"1154255244981698652","kzi_2","2026-01-19T13:07:36.8310000+00:00","I'm what to do","",""
"1154255244981698652","kzi_2","2026-01-19T13:07:37.4170000+00:00","But.","",""
"1154255244981698652","kzi_2","2026-01-19T13:07:48.5710000+00:00","Oof üíÄ","",""
"611223989687287819","fishermann","2026-01-19T13:07:57.0930000+00:00","# why","",""
"863807554181398528","girorogi","2026-01-19T13:07:57.2820000+00:00","THATS GREAT IDEA","",""
"1154255244981698652","kzi_2","2026-01-19T13:08:00.7300000+00:00","Btw here","assets/Screenshot_20260119-200725-6636E.jpg",""
"978288890928590899","mafi43211","2026-01-19T13:08:31.4840000+00:00","-# Maybe it wasnt s mistake to vidit kzi that one
WE CAN DO THIS RAHH","",""
"978288890928590899","mafi43211","2026-01-19T13:08:44.3630000+00:00","Make rrr declare war on khazuur","","‚úÖ (1)"
"611223989687287819","fishermann","2026-01-19T13:09:08.4860000+00:00","not the worst solution to this issue ig","",""
"640132837554782219","takui___","2026-01-19T13:09:17.1610000+00:00","But think about it is rainbow really that stupid?","",""
"640132837554782219","takui___","2026-01-19T13:09:24.2200000+00:00","I don't think so","",""
"1154255244981698652","kzi_2","2026-01-19T13:09:38.7740000+00:00","To be honest. I actually want to invade Khazuur","",""
"978288890928590899","mafi43211","2026-01-19T13:09:39.1120000+00:00","Rainbow joined Great western war","",""
"978288890928590899","mafi43211","2026-01-19T13:09:40.6670000+00:00","So yes","",""
"1154255244981698652","kzi_2","2026-01-19T13:09:53.9790000+00:00","But that's js personal stuff","",""
"640132837554782219","takui___","2026-01-19T13:09:56.5830000+00:00","Idk what that is","",""
"863807554181398528","girorogi","2026-01-19T13:10:15.4750000+00:00","Ykw, can we just make the plan like rainbow move his div first and if he refuse we can just cancel the coalition against khazuur?","",""
"863807554181398528","girorogi","2026-01-19T13:10:23.9590000+00:00","*fake coalition","",""
"1154255244981698652","kzi_2","2026-01-19T13:10:50.1710000+00:00","Dunno","",""
"1154255244981698652","kzi_2","2026-01-19T13:11:12.8230000+00:00","I'm enthusiastic about marching on Kh√∂kn Nuur","",""
"978288890928590899","mafi43211","2026-01-19T13:11:18.0180000+00:00","Dont question the first part
Anyways we just need to gaslight rainbow","",""
"1154255244981698652","kzi_2","2026-01-19T13:11:30.8320000+00:00","Oh, yeah, ez","",""
"640132837554782219","takui___","2026-01-19T13:11:33.5460000+00:00","Rainbow is the type to never go first as I've experienced with him","",""
"640132837554782219","takui___","2026-01-19T13:11:37.0050000+00:00","Might be wrong tho","",""
"1154255244981698652","kzi_2","2026-01-19T13:11:38.9480000+00:00","I'm the best liar you got","",""
"1154255244981698652","kzi_2","2026-01-19T13:12:45.8000000+00:00","Ykw, I'ma take the chance and help him in the first couple of Rounds and then, you all UNITED, strike their territories and me and purple will encircle RRR forces in Khurevia","",""
"863807554181398528","girorogi","2026-01-19T13:12:57.1160000+00:00","Like we can make a scene of disagreement so we cancel this plan, you know Differences can cancel non official agreement","",""
"863807554181398528","girorogi","2026-01-19T13:13:48.4410000+00:00","And kzi is just our representative, not all of us","",""
"640132837554782219","takui___","2026-01-19T13:13:51.6440000+00:00","This is not going to work","",""
"978288890928590899","mafi43211","2026-01-19T13:14:07.2380000+00:00","Dont","",""
"978288890928590899","mafi43211","2026-01-19T13:14:20.7230000+00:00","Me and you are the only Sane ones","",""
"1154255244981698652","kzi_2","2026-01-19T13:15:24.9210000+00:00","We should actually take this chance to talk to Purple (Khazuur) about us and them collaborating in the neutralization of the aggressive faction","",""
"640132837554782219","takui___","2026-01-19T13:15:26.8360000+00:00","There's no guarantee Khazuur will side with you here and as far as I know there is nothing about bonuses for surprise attacks in the war hosting rules","",""
"611223989687287819","fishermann","2026-01-19T13:15:41.7950000+00:00","# do not invade khazuur","",""
"611223989687287819","fishermann","2026-01-19T13:15:46.6670000+00:00","you need to deal with RRR before you will do that","",""
"1154255244981698652","kzi_2","2026-01-19T13:15:47.7720000+00:00","Not planning to","",""
"640132837554782219","takui___","2026-01-19T13:15:52.4540000+00:00","You're assuming the guy actually fucking cares about your bs","",""
"640132837554782219","takui___","2026-01-19T13:16:02.3710000+00:00","He doesn't gaf abt this civil war","",""
"611223989687287819","fishermann","2026-01-19T13:16:10.8320000+00:00","anyway","",""
"611223989687287819","fishermann","2026-01-19T13:16:12.4930000+00:00","long story short","",""
"863807554181398528","girorogi","2026-01-19T13:16:20.1120000+00:00","Fr","",""
"1154255244981698652","kzi_2","2026-01-19T13:16:20.6170000+00:00","I'm trying to trick the RRR into attacking Khazuur and making Khazuur fight","",""
"611223989687287819","fishermann","2026-01-19T13:16:26.0320000+00:00","Purple does not cares about you in any way possible","",""
"640132837554782219","takui___","2026-01-19T13:16:34.7400000+00:00","For all I know Bjorn could get Khazuur into his side with a paycheck or two","","‚úÖ (1)"
"611223989687287819","fishermann","2026-01-19T13:16:43.3490000+00:00","so without border with Khazuur, RRR can't fight Khazuur","",""
"640132837554782219","takui___","2026-01-19T13:16:45.6530000+00:00","It won't work","",""
"1154255244981698652","kzi_2","2026-01-19T13:16:48.3690000+00:00","That's why I convinced Rainbow to jointly attack Khazuur","",""
"611223989687287819","fishermann","2026-01-19T13:16:59.3370000+00:00","this will not work üôè","",""
"640132837554782219","takui___","2026-01-19T13:17:00.0700000+00:00","You're making so many assumptions and it just all won't work","",""
"1154255244981698652","kzi_2","2026-01-19T13:17:02.3870000+00:00","I am not doing shit, I just want to ofc but I'll stab his ass","",""
"611223989687287819","fishermann","2026-01-19T13:17:17.8680000+00:00","do you understand that EVEN if you will manage to do this shit

Khazuurs will just protect their border","",""
"640132837554782219","takui___","2026-01-19T13:17:21.9640000+00:00","This is dumb goodbye","",""
"611223989687287819","fishermann","2026-01-19T13:17:25.7910000+00:00","they have zero interest in going further into Rusenia territory","",""
"1154255244981698652","kzi_2","2026-01-19T13:17:40.2350000+00:00","# HAULT","",""
"1154255244981698652","kzi_2","2026-01-19T13:17:47.5490000+00:00","(or whatever)","",""
"1154255244981698652","kzi_2","2026-01-19T13:18:00.2270000+00:00","Basically, We trick him into attacking Khazuur","",""
"978288890928590899","mafi43211","2026-01-19T13:18:21.1340000+00:00","Let mi ting","",""
"1154255244981698652","kzi_2","2026-01-19T13:18:32.9470000+00:00","We take this opportunity to Defend or side with Khazuur and claim that we agreed to Giving up the Khurev lands","",""
"611223989687287819","fishermann","2026-01-19T13:18:44.5610000+00:00",".","",""
"611223989687287819","fishermann","2026-01-19T13:18:47.6450000+00:00",".","",""
"611223989687287819","fishermann","2026-01-19T13:19:10.2540000+00:00","please stop just ignoring me, especially when shit i say happens for the third time","",""
"611223989687287819","fishermann","2026-01-19T13:19:41.1540000+00:00","anyway","",""
"1154255244981698652","kzi_2","2026-01-19T13:19:45.8390000+00:00","That's the thing, THEY WILL.","",""
"1154255244981698652","kzi_2","2026-01-19T13:19:56.6840000+00:00","WE WILL ENCIRCLE THEM AGAINST HAT BORDER","",""
"611223989687287819","fishermann","2026-01-19T13:20:46.5460000+00:00","what makes you think that Khazuur will even agree on this plan?","",""
"611223989687287819","fishermann","2026-01-19T13:20:57.5510000+00:00","considering that they are aligned to Ichenia, and RRR is Ichenian puppet...","",""
"1154255244981698652","kzi_2","2026-01-19T13:21:00.9470000+00:00","RRR is attacking them","",""
"1154255244981698652","kzi_2","2026-01-19T13:21:21.3540000+00:00","And it seems that RRR isn't aware that Khazuur is aligned with Ichenya","",""
"611223989687287819","fishermann","2026-01-19T13:21:37.7960000+00:00","if i was in Purple shoes, i would've ignored that he had no border","",""
"611223989687287819","fishermann","2026-01-19T13:21:38.6270000+00:00","but anyway","",""
"611223989687287819","fishermann","2026-01-19T13:21:49.9460000+00:00","@Mafi43211 take from here, i need my rest","",""
"978288890928590899","mafi43211","2026-01-19T13:21:58.0050000+00:00","Idk","",""
"1154255244981698652","kzi_2","2026-01-19T13:22:48.7380000+00:00","We should do something at least, come on.","",""
"1154255244981698652","kzi_2","2026-01-19T13:23:02.6320000+00:00","I don't want to waste his trust for me","",""
"1154255244981698652","kzi_2","2026-01-19T13:23:29.3190000+00:00","We waste the opportunity = we waste more lives and time","",""
"863807554181398528","girorogi","2026-01-19T13:24:07.3290000+00:00","Or it's a trap, because they should be discussing with Bjorn, and Bjorn should be discussing with Purple... Purple is loving his border than his influence","",""
"1154255244981698652","kzi_2","2026-01-19T13:24:47.7130000+00:00","We should just announce a united attack and attack RRR","",""
"1154255244981698652","kzi_2","2026-01-19T13:24:59.1340000+00:00","I mean again Khazuur","",""
"1154255244981698652","kzi_2","2026-01-19T13:25:25.5570000+00:00","But we don't do anything to Khazuur","",""
"1154255244981698652","kzi_2","2026-01-19T13:25:54.1180000+00:00","We js announce it to gain his trust and shatter it in front of him","",""
"863807554181398528","girorogi","2026-01-19T13:26:24.1650000+00:00","Bcs its get announced we can't, bjorn will have opportunity to attack us too bcs he's allied with purple","",""
"978288890928590899","mafi43211","2026-01-19T13:26:59.6700000+00:00","Dont do anything yet","",""
"863807554181398528","girorogi","2026-01-19T13:27:05.7070000+00:00","And RRR can just defend and do nothing","",""
"1154255244981698652","kzi_2","2026-01-19T13:27:14.9600000+00:00","Agh.. my head is fucking me for no reason","",""
"1154255244981698652","kzi_2","2026-01-19T14:33:57.3300000+00:00","@everyone, ykw, I'ma just try to assassinate rainbow","","‚úÖ (1)"
"978288890928590899","mafi43211","2026-01-19T14:34:09.9110000+00:00","With who?","",""
"1154255244981698652","kzi_2","2026-01-19T14:34:27.1230000+00:00","I already said.","",""
"1154255244981698652","kzi_2","2026-01-19T14:34:28.8560000+00:00","Like 3 times","",""
"978288890928590899","mafi43211","2026-01-19T14:34:33.5800000+00:00","Oh ok","",""
"978288890928590899","mafi43211","2026-01-19T14:34:35.3660000+00:00","Do it","",""
"978288890928590899","mafi43211","2026-01-19T14:34:40.0470000+00:00","Tell proat","",""
"846666693883199539",".szymk.","2026-01-19T14:38:01.9230000+00:00","About khazuur I do not participate","",""
"1154255244981698652","kzi_2","2026-01-19T14:38:25.1450000+00:00","Neither do any of us","",""
"863807554181398528","girorogi","2026-01-19T15:43:30.6560000+00:00","Oh damn","",""
"863807554181398528","girorogi","2026-01-19T15:43:42.0150000+00:00","I feel deja vu","",""
"1195410543280930827","diaxmc","2026-01-19T16:53:54.5010000+00:00","Why did I get 7 everyone pingsü™¶ ü™¶ ü™¶","",""
"1292652323226779772","eb1120","2026-01-19T17:12:59.1040000+00:00","do it","",""
"1292652323226779772","eb1120","2026-01-19T17:13:09.7800000+00:00","guys","",""
"1292652323226779772","eb1120","2026-01-19T17:13:31.8630000+00:00","we must do everything in our power to stop icheneya","",""
"1195410543280930827","diaxmc","2026-01-19T17:30:34.1990000+00:00","Why bro made Belorusenia attack me randomly lol","assets/69436651-2C4D-4EC5-9C1F-CB286546AFDC-79F7B.jpg",""
"1195410543280930827","diaxmc","2026-01-19T17:30:43.9220000+00:00","Even though no divs were moved there","",""
"1195410543280930827","diaxmc","2026-01-19T17:30:56.5940000+00:00","Why the mapper did this xD","",""
"978288890928590899","mafi43211","2026-01-19T18:07:23.7740000+00:00","@Oranje  send me these 4 divs as support against rrr esclaves","assets/Screenshot_2026-01-19-19-06-49-217_com.dis-64189.jpg",""
"978288890928590899","mafi43211","2026-01-19T18:07:32.8740000+00:00","Attack the rrr exclave","",""
"846666693883199539",".szymk.","2026-01-19T18:08:00.8060000+00:00","Two divisions and two bomber?","",""
"978288890928590899","mafi43211","2026-01-19T18:16:19.4420000+00:00","Ye","",""
"978288890928590899","mafi43211","2026-01-19T18:16:35.3360000+00:00","I need them to destroy the West rrr","",""
"978288890928590899","mafi43211","2026-01-19T18:16:39.0060000+00:00","Esclaves","",""
"846666693883199539",".szymk.","2026-01-19T18:16:44.9490000+00:00","Oke","",""
"978288890928590899","mafi43211","2026-01-19T18:16:47.7270000+00:00","You attack from the bsouth","",""
"978288890928590899","mafi43211","2026-01-19T18:16:55.5650000+00:00","I from the West","",""
"846666693883199539",".szymk.","2026-01-19T18:16:59.8570000+00:00","Oke","",""
"978288890928590899","mafi43211","2026-01-19T18:32:41.1320000+00:00","@KZI  @Oranje  @Diax  @Elliott  dont attack eachother","",""
"978288890928590899","mafi43211","2026-01-19T18:32:52.5330000+00:00","Only focus on rrr","",""
"846666693883199539",".szymk.","2026-01-19T18:32:53.4820000+00:00",":cupcake:","",""
"846666693883199539",".szymk.","2026-01-19T18:33:02.1730000+00:00",":emoji_3:","",""
"1292652323226779772","eb1120","2026-01-19T19:02:06.7310000+00:00","""okay""","",""
"978288890928590899","mafi43211","2026-01-19T19:02:27.5560000+00:00","i suggest using your forces to attack the RRR south","",""
"978288890928590899","mafi43211","2026-01-19T19:02:34.3000000+00:00","the penincula thingy","",""
"1292652323226779772","eb1120","2026-01-19T19:02:49.2240000+00:00","that s my full intent","",""
"1292652323226779772","eb1120","2026-01-19T19:03:29.3380000+00:00","btw, tell diax that Antonovka is mine","",""
"978288890928590899","mafi43211","2026-01-19T19:04:31.7680000+00:00","@Diax  let him have the penincula, it doesn't matter now","",""
"978288890928590899","mafi43211","2026-01-19T19:04:39.4620000+00:00","we will dicuss the new borders after RRR is gone","",""
"978288890928590899","mafi43211","2026-01-19T19:09:04.9360000+00:00","@everyone  listen to my plan","assets/image-DE042.png",""
"978288890928590899","mafi43211","2026-01-19T19:09:15.0700000+00:00","RRR put all their foces in the south","",""
"978288890928590899","mafi43211","2026-01-19T19:09:18.5330000+00:00","we need to encricle them","",""
"978288890928590899","mafi43211","2026-01-19T19:09:24.9910000+00:00","and their north is undefended","",""
"846666693883199539",".szymk.","2026-01-19T19:24:19.6190000+00:00","Wait there is updated map?","",""
"978288890928590899","mafi43211","2026-01-19T19:24:50.8780000+00:00","","assets/image-D644C.png",""
"978288890928590899","mafi43211","2026-01-19T19:25:13.3260000+00:00","so do you agree with my plan","",""
"978288890928590899","mafi43211","2026-01-19T19:25:20.6960000+00:00","get your 2 divs to whipe out hte RRR exclave","",""
"640132837554782219","takui___","2026-01-19T19:25:34.3450000+00:00","I don't like it","",""
"846666693883199539",".szymk.","2026-01-19T19:25:54.7350000+00:00","Yes
Eventually I can send one bomber to south to help Tablov Militia","",""
"640132837554782219","takui___","2026-01-19T19:26:02.4810000+00:00","Just really unrealistic expectations especially from the east","",""
"978288890928590899","mafi43211","2026-01-19T19:26:09.6520000+00:00","true but","",""
"978288890928590899","mafi43211","2026-01-19T19:26:15.2410000+00:00","we should try a attack from there","",""
"978288890928590899","mafi43211","2026-01-19T19:26:19.0920000+00:00","take the city in the north","",""
"978288890928590899","mafi43211","2026-01-19T19:26:25.2530000+00:00","if they try to move divisons up north","",""
"978288890928590899","mafi43211","2026-01-19T19:26:31.0810000+00:00","KZI will be able to push in the south","",""
"640132837554782219","takui___","2026-01-19T19:26:54.1250000+00:00","It's not going to work I just know it","",""
"640132837554782219","takui___","2026-01-19T19:27:08.6040000+00:00","RRR forces are plenty for the north","",""
"978288890928590899","mafi43211","2026-01-19T19:27:11.5490000+00:00","and also, rainbow may be dead","",""
"640132837554782219","takui___","2026-01-19T19:27:15.0480000+00:00","They don't need to move anything","",""
"846666693883199539",".szymk.","2026-01-19T19:27:16.5730000+00:00","I will consolidate east, send my one division to the border and evacuate my air to the west
And gonna help destroy these encirclement","",""
"978288890928590899","mafi43211","2026-01-19T19:27:17.6790000+00:00","so RRR wil lbecome unstable","",""
"978288890928590899","mafi43211","2026-01-19T19:27:29.9220000+00:00","you blind?","",""
"978288890928590899","mafi43211","2026-01-19T19:27:31.9380000+00:00","LOOK","",""
"640132837554782219","takui___","2026-01-19T19:27:39.8460000+00:00","Are you blind?","",""
"978288890928590899","mafi43211","2026-01-19T19:27:49.4760000+00:00","there nothing in north RRR","",""
"846666693883199539",".szymk.","2026-01-19T19:27:53.1560000+00:00","Also I think I literally did move in the east so why I did not gain any progress there","",""
"640132837554782219","takui___","2026-01-19T19:27:53.9600000+00:00","There a shit ton of troops that can do anything","",""
"978288890928590899","mafi43211","2026-01-19T19:27:54.5050000+00:00","the way to the city is undefended","",""
"978288890928590899","mafi43211","2026-01-19T19:28:18.3790000+00:00","if htey move kzi can push in the south","",""
"640132837554782219","takui___","2026-01-19T19:28:25.5900000+00:00","Alright fine","",""
"978288890928590899","mafi43211","2026-01-19T19:29:08.7660000+00:00","acctualy","",""
"978288890928590899","mafi43211","2026-01-19T19:29:15.8710000+00:00","@Fishermann  do you have any suggestions","",""
"978288890928590899","mafi43211","2026-01-19T19:29:21.6550000+00:00","you are a master a tactics","",""
"611223989687287819","fishermann","2026-01-19T19:30:44.4130000+00:00","hmmm","",""
"611223989687287819","fishermann","2026-01-19T19:30:57.6280000+00:00","remind me, who is who again on map?","",""
"978288890928590899","mafi43211","2026-01-19T19:31:06.8720000+00:00","RRR is purple","",""
"978288890928590899","mafi43211","2026-01-19T19:31:10.2600000+00:00","i mean pink","",""
"978288890928590899","mafi43211","2026-01-19T19:31:12.6460000+00:00","RRR is pink","",""
"978288890928590899","mafi43211","2026-01-19T19:31:16.3060000+00:00","that all you need to know","",""
"978288890928590899","mafi43211","2026-01-19T19:31:20.1770000+00:00","we are evrebody else","",""
"978288890928590899","mafi43211","2026-01-19T19:31:38.3300000+00:00","except that thing in northern chernavia and khurevia","",""
"611223989687287819","fishermann","2026-01-19T19:33:08.7180000+00:00","alright... crush the pockets in here","assets/image-75BB4.png,assets/image-66A18.png,assets/image-7A665.png",""
"978288890928590899","mafi43211","2026-01-19T19:33:32.1730000+00:00","this is the map","assets/image-ADB68.png",""
"611223989687287819","fishermann","2026-01-19T19:33:33.9740000+00:00","it will make frontline smaller","",""
"978288890928590899","mafi43211","2026-01-19T19:33:34.9200000+00:00","that was my proposal","",""
"611223989687287819","fishermann","2026-01-19T19:33:40.2980000+00:00","oooh","",""
"611223989687287819","fishermann","2026-01-19T19:33:53.5400000+00:00","anyway, crush the pockets, freeing up some froces to reinforce main frontline","",""
"846666693883199539",".szymk.","2026-01-19T19:34:01.7040000+00:00","Idk why I did not got any progress in the east despite me rolling good numbers","",""
"611223989687287819","fishermann","2026-01-19T19:34:05.0320000+00:00","try to encircle as many of enemy forces as possible","",""
"978288890928590899","mafi43211","2026-01-19T19:34:07.4500000+00:00","should we attack from the east","",""
"978288890928590899","mafi43211","2026-01-19T19:34:14.2620000+00:00","their northern undefended city","",""
"611223989687287819","fishermann","2026-01-19T19:34:25.0260000+00:00","oh yeah, also, ensure that RRR will have no naval access","",""
"611223989687287819","fishermann","2026-01-19T19:34:31.5590000+00:00","because Bjorn can send reinforcements via sea","",""
"611223989687287819","fishermann","2026-01-19T19:34:34.8680000+00:00","-# also buy anti-air","",""
"640132837554782219","takui___","2026-01-19T19:37:13.7320000+00:00","Military lick","",""
"978288890928590899","mafi43211","2026-01-19T19:38:02.9380000+00:00","and also are you sending those divs?","",""
"1195410543280930827","diaxmc","2026-01-19T19:40:08.4030000+00:00","This map is shitly made","",""
"1195410543280930827","diaxmc","2026-01-19T19:40:34.2490000+00:00","What penninsula","",""
"1195410543280930827","diaxmc","2026-01-19T19:40:59.2270000+00:00","Send this to bjorn every now and then","",""
"1195410543280930827","diaxmc","2026-01-19T19:41:06.3160000+00:00","Peak ragebait","",""
"846666693883199539",".szymk.","2026-01-19T19:41:20.6990000+00:00","Why","",""
"846666693883199539",".szymk.","2026-01-19T19:41:30.4930000+00:00","He needs to make map","",""
"846666693883199539",".szymk.","2026-01-19T19:41:38.6670000+00:00","If he will hat us, he won't make jt","",""
"611223989687287819","fishermann","2026-01-19T19:52:57.8250000+00:00","no worries, tho remind me in dm's when war will happen","",""
"1195410543280930827","diaxmc","2026-01-19T21:54:02.9190000+00:00","","",""
"1195410543280930827","diaxmc","2026-01-19T21:54:11.8530000+00:00","What is bro yapping about","",""
"1195410543280930827","diaxmc","2026-01-19T21:54:18.5320000+00:00","bro really got ragebaited too much","",""
"1195410543280930827","diaxmc","2026-01-19T21:54:26.0000000+00:00","I‚Äômma ragebait him more","",""
"846666693883199539",".szymk.","2026-01-20T05:31:08.2610000+00:00","","",""
"846666693883199539",".szymk.","2026-01-20T05:50:15.5590000+00:00","üôÅ","",""
"846666693883199539",".szymk.","2026-01-20T05:50:19.4430000+00:00",":c","",""
"863807554181398528","girorogi","2026-01-20T06:43:23.7160000+00:00","üôÅ","",""
"978288890928590899","mafi43211","2026-01-20T09:17:25.8070000+00:00","We need to plan out a action map","",""
"978288890928590899","mafi43211","2026-01-20T09:17:48.2090000+00:00","@Diax  for the damamged divison you have, try to get kzi to send reinforcments to that area","",""
"978288890928590899","mafi43211","2026-01-20T09:18:00.8010000+00:00","we can't let them make a break thruu","",""
"978288890928590899","mafi43211","2026-01-20T09:18:10.7190000+00:00","or they may try to encircle RRA forces","",""
"1154255244981698652","kzi_2","2026-01-20T10:23:45.2080000+00:00","","",""
"978288890928590899","mafi43211","2026-01-20T17:02:03.7850000+00:00","@Oranje  ok listen","",""
"978288890928590899","mafi43211","2026-01-20T17:02:11.1660000+00:00","next round, we attack the excalve together","",""
"978288890928590899","mafi43211","2026-01-20T17:02:18.4610000+00:00","after that , we move towards the exclave in the north","",""
"846666693883199539",".szymk.","2026-01-20T17:02:45.4310000+00:00",":cupcake:","",""
"640132837554782219","takui___","2026-01-20T17:05:24.2210000+00:00","Atp I'm losing hope I'll just wander to try and capture Gaditier prob","",""
"978288890928590899","mafi43211","2026-01-20T17:05:41.3530000+00:00","no, try to attack from the east","",""
"978288890928590899","mafi43211","2026-01-20T17:05:44.6990000+00:00","that what you shoudl try","",""
"978288890928590899","mafi43211","2026-01-20T17:05:50.9410000+00:00","try to capture hte city in the north","",""
"640132837554782219","takui___","2026-01-20T17:06:28.4220000+00:00","Kzi's front is severely damaged and I don't think that the RRR could lose with that momentum","",""
"640132837554782219","takui___","2026-01-20T17:06:37.6530000+00:00","I want to rp captuing Gaditier","",""
"640132837554782219","takui___","2026-01-20T17:06:57.7680000+00:00","""What'd you say about Belorusenians you scumbag?""","",""
"978288890928590899","mafi43211","2026-01-20T17:08:26.9210000+00:00","""what are your lasts words""
""belorussians arre not real they are confused russ-""
* gets fried by the electric chair","",""
"640132837554782219","takui___","2026-01-20T17:08:58.6490000+00:00","He's getting the Mussolini treatment for sure","",""
"640132837554782219","takui___","2026-01-20T17:09:36.8720000+00:00","Unless he's chill then he maybe gets a pardon","",""
"640132837554782219","takui___","2026-01-20T17:09:44.3470000+00:00","Maybe","",""
"640132837554782219","takui___","2026-01-20T17:09:51.2830000+00:00","Maybe just imprisoned","",""
"978288890928590899","mafi43211","2026-01-20T20:18:32.3600000+00:00","@Oranje  smth like this is my plan","assets/image-61821.png",""
"1154255244981698652","kzi_2","2026-01-20T20:18:57.2910000+00:00","Those two black balls are fighters","",""
"978288890928590899","mafi43211","2026-01-20T20:19:06.7600000+00:00","bombers","",""
"978288890928590899","mafi43211","2026-01-20T20:19:13.1710000+00:00","i think","",""
"978288890928590899","mafi43211","2026-01-20T20:19:15.2130000+00:00","i forgor","",""
"978288890928590899","mafi43211","2026-01-20T20:19:20.0160000+00:00","which is which","",""
"978288890928590899","mafi43211","2026-01-20T20:19:27.9610000+00:00","but in short, if it has circles in it, it flies","",""
"1154255244981698652","kzi_2","2026-01-20T20:19:29.0780000+00:00","Anyways yeha","",""
"640132837554782219","takui___","2026-01-21T18:45:53.6900000+00:00","So like what's the plan","",""
"1154255244981698652","kzi_2","2026-01-21T18:46:18.2930000+00:00","Muah, you get kisses and you join the rest of the femboys in my closet","",""
"640132837554782219","takui___","2026-01-21T18:46:31.0320000+00:00",":Darth_rly:","",""
"978288890928590899","mafi43211","2026-01-21T18:46:59.5840000+00:00",":rly:","",""
"1195410543280930827","diaxmc","2026-01-21T18:52:54.7040000+00:00","Why kzi started saying that to you","",""
"640132837554782219","takui___","2026-01-21T18:53:08.7290000+00:00","Idk","",""
"978288890928590899","mafi43211","2026-01-21T18:53:49.3110000+00:00","Takui is the father but i jus't cant prove it","",""
"978288890928590899","mafi43211","2026-01-21T18:53:58.2940000+00:00","https://tenor.com/view/dexter-gif-1878760417600646737","",""
"1154255244981698652","kzi_2","2026-01-21T18:54:41.0320000+00:00","Ur js smashable","",""
"640132837554782219","takui___","2026-01-21T18:55:17.8660000+00:00","I am NOT the father","",""
"978288890928590899","mafi43211","2026-01-21T18:55:28.3210000+00:00","Who else could it be","",""
"978288890928590899","mafi43211","2026-01-21T18:55:32.9670000+00:00","look at how she acting around you","",""
"640132837554782219","takui___","2026-01-21T18:55:35.9650000+00:00","Idk man","",""
"978288890928590899","mafi43211","2026-01-21T18:55:36.9240000+00:00","it clearly you","",""
"640132837554782219","takui___","2026-01-21T18:55:40.9230000+00:00","Could be anyone","",""
"640132837554782219","takui___","2026-01-21T18:55:44.1100000+00:00","Not me tho","",""
"640132837554782219","takui___","2026-01-21T18:55:50.6120000+00:00",":Darth_rly:","",""
"978288890928590899","mafi43211","2026-01-21T18:55:52.0240000+00:00","that what they all say","",""
"640132837554782219","takui___","2026-01-21T18:55:59.0450000+00:00","IT IS NOT ME","",""
"978288890928590899","mafi43211","2026-01-21T18:56:01.9520000+00:00","dont lie to me takui","",""
"640132837554782219","takui___","2026-01-21T18:56:02.1020000+00:00","I am not the father","",""
"978288890928590899","mafi43211","2026-01-21T18:56:03.6770000+00:00","IT YOU","",""
"640132837554782219","takui___","2026-01-21T18:56:12.5590000+00:00","I AM NOT A LIAR","",""
"978288890928590899","mafi43211","2026-01-21T18:56:17.2420000+00:00","YOU ARE","",""
"978288890928590899","mafi43211","2026-01-21T18:56:21.5970000+00:00","IT VERY OBVIUS","",""
"978288890928590899","mafi43211","2026-01-21T18:56:28.3040000+00:00","WHY WOULD SHE FLIRT AROUND YOU SO MUCH","",""
"978288890928590899","mafi43211","2026-01-21T18:56:36.5610000+00:00","IT OBVIUS","",""
"978288890928590899","mafi43211","2026-01-21T18:56:38.3140000+00:00","THAT IT YOu","",""
"640132837554782219","takui___","2026-01-21T18:57:46.8880000+00:00","I DON'T KNOW MAN","",""
"640132837554782219","takui___","2026-01-21T18:57:50.0810000+00:00","IT IS NOT ME THO","",""
"978288890928590899","mafi43211","2026-01-21T18:57:57.0800000+00:00","Who do yu think it is?","",""
"978288890928590899","mafi43211","2026-01-21T18:58:05.2740000+00:00","all signs are leading to you","",""
"978288890928590899","mafi43211","2026-01-21T19:00:20.4280000+00:00","1st stage; denial","",""
"640132837554782219","takui___","2026-01-21T19:00:41.1610000+00:00","That's confusion","",""
"978288890928590899","mafi43211","2026-01-21T19:00:57.0620000+00:00","If it not you, pin the blame on soembody else","",""
"978288890928590899","mafi43211","2026-01-21T19:01:01.4780000+00:00","Who could it be","",""
"978288890928590899","mafi43211","2026-01-21T19:01:07.5960000+00:00","when it very obviously you","",""
"640132837554782219","takui___","2026-01-21T19:01:09.1660000+00:00","I DON'T FUCKING KNOW","",""
"640132837554782219","takui___","2026-01-21T19:01:12.1230000+00:00","Listen","",""
"640132837554782219","takui___","2026-01-21T19:01:22.8170000+00:00","Uhhhh","",""
"640132837554782219","takui___","2026-01-21T19:01:26.2200000+00:00","It not me trust","",""
"978288890928590899","mafi43211","2026-01-21T19:01:35.8570000+00:00","yea you are acting sus","",""
"640132837554782219","takui___","2026-01-21T19:02:16.0830000+00:00","Je ne parle pas Anglais","",""
"978288890928590899","mafi43211","2026-01-21T19:02:28.6840000+00:00","hmm, who else could it be","",""
"978288890928590899","mafi43211","2026-01-21T19:02:30.6550000+00:00","Diax?","",""
"640132837554782219","takui___","2026-01-21T19:02:37.6490000+00:00","Viki","",""
"978288890928590899","mafi43211","2026-01-21T19:02:51.1220000+00:00","too far away","",""
"640132837554782219","takui___","2026-01-21T19:03:01.2120000+00:00","I'M ALSO TOO FAR AWAY","",""
"640132837554782219","takui___","2026-01-21T19:03:19.7160000+00:00","I have an army to lead I can't just go to RRAF to screw and come back","",""
"978288890928590899","mafi43211","2026-01-21T19:03:36.3630000+00:00","oh wait, got some secret info","",""
"978288890928590899","mafi43211","2026-01-21T19:03:44.6160000+00:00","i know who is hte father","",""
"978288890928590899","mafi43211","2026-01-21T19:04:17.4860000+00:00","hint; I know that person","",""
"978288890928590899","mafi43211","2026-01-21T19:04:24.4230000+00:00","(i know a lot of people so it doens't help)","",""
"640132837554782219","takui___","2026-01-21T19:04:52.8710000+00:00","Spill the beans","",""
"1008693648969441310","viki8375","2026-01-21T19:14:50.6030000+00:00","how could it be me","",""
"640132837554782219","takui___","2026-01-21T19:15:30.1960000+00:00","Kzi says shit to you too","","üò≠ (1)"
"1195410543280930827","diaxmc","2026-01-21T19:24:23.9180000+00:00","Bro like I‚Äôm least likely","",""
"978288890928590899","mafi43211","2026-01-21T19:24:44.5210000+00:00","oranje is least likely","",""
"978288890928590899","mafi43211","2026-01-21T19:24:47.8380000+00:00","he is just htat innocent","",""
"1195410543280930827","diaxmc","2026-01-21T19:25:50.0500000+00:00","Bro I literally even get angry at kzi when she‚Äôs freaky","",""
"1008693648969441310","viki8375","2026-01-21T19:41:45.9590000+00:00","shush","",""
"640132837554782219","takui___","2026-01-21T19:43:44.3470000+00:00","Imma prob sleep","",""
"640132837554782219","takui___","2026-01-21T19:43:46.6260000+00:00","Gn chat","",""
"978288890928590899","mafi43211","2026-01-21T19:43:50.9860000+00:00","GET HIM OUT","",""
"1195410543280930827","diaxmc","2026-01-21T19:43:52.0020000+00:00","Donranoc","",""
"640132837554782219","takui___","2026-01-21T19:43:54.6850000+00:00","Wtf","",""
"1195410543280930827","diaxmc","2026-01-21T19:44:00.0300000+00:00","Why bro joined","",""
"1195410543280930827","diaxmc","2026-01-21T19:44:01.7080000+00:00","Or how","",""
"978288890928590899","mafi43211","2026-01-21T19:44:05.6310000+00:00","@KZI  kick","",""
"1195410543280930827","diaxmc","2026-01-21T19:44:21.4870000+00:00","Brotha","",""
"978288890928590899","mafi43211","2026-01-21T19:44:22.8310000+00:00","@Oranje  intruder kick","",""
"1195410543280930827","diaxmc","2026-01-21T19:44:33.8500000+00:00","Zdrajca","",""
"1195410543280930827","diaxmc","2026-01-21T19:44:38.3320000+00:00","Traitor here","",""
"1195410543280930827","diaxmc","2026-01-21T19:44:45.1890000+00:00","@everyone","",""
"640132837554782219","takui___","2026-01-21T19:44:48.5480000+00:00","Do we even have an admin","",""
"1195410543280930827","diaxmc","2026-01-21T19:44:56.8440000+00:00","Someone invited rainbow","",""
"640132837554782219","takui___","2026-01-21T19:45:14.5730000+00:00","I just wanted to sleep man üò≠","",""
"978288890928590899","mafi43211","2026-01-21T19:45:17.4190000+00:00","what dumbass invited rainbow","",""
"978288890928590899","mafi43211","2026-01-21T19:45:29.5610000+00:00","KICK HIM","",""
"611223989687287819","fishermann","2026-01-21T19:45:42.4280000+00:00","so, Takui is the father?","",""
"640132837554782219","takui___","2026-01-21T19:45:45.6550000+00:00","Kzi is asleep isn't she","",""
"640132837554782219","takui___","2026-01-21T19:45:49.0530000+00:00","NO","",""
"640132837554782219","takui___","2026-01-21T19:45:59.9480000+00:00","You don't even care that rainbow is here now","",""
"640132837554782219","takui___","2026-01-21T19:46:04.7710000+00:00","Just that Mafi is accusing me","",""
"640132837554782219","takui___","2026-01-21T19:46:12.8890000+00:00","Get your priorities straight","",""
"1195410543280930827","diaxmc","2026-01-21T19:46:15.6120000+00:00","","","üíÄ (2)"
"978288890928590899","mafi43211","2026-01-21T19:46:18.4610000+00:00","SOMEBODY FUCKING KICK HIM","",""
"1195410543280930827","diaxmc","2026-01-21T19:46:19.7960000+00:00","What does ts mean","",""
"640132837554782219","takui___","2026-01-21T19:46:28.6530000+00:00","Opposite faction??","",""
"640132837554782219","takui___","2026-01-21T19:46:35.3100000+00:00","So like rainbow?","",""
"640132837554782219","takui___","2026-01-21T19:46:41.8030000+00:00","Or lem?","",""
"978288890928590899","mafi43211","2026-01-21T19:46:42.0840000+00:00","KICK RAINBOW FIRST","",""
"640132837554782219","takui___","2026-01-21T19:46:50.7820000+00:00","NOONE HAS ADMIN","",""
"978288890928590899","mafi43211","2026-01-21T19:46:53.1210000+00:00","biolgoy ain't biologing","",""
"611223989687287819","fishermann","2026-01-21T19:46:54.7570000+00:00","we can't, only KZI can","",""
"640132837554782219","takui___","2026-01-21T19:46:57.2520000+00:00","And KZI isn't here","",""
"978288890928590899","mafi43211","2026-01-21T19:47:18.2600000+00:00","-# ts low key pmo i low key could just tell them who the peerson is","",""
"611223989687287819","fishermann","2026-01-21T19:47:20.0270000+00:00","why have you pinged everyone üôè","",""
"611223989687287819","fishermann","2026-01-21T19:47:25.7710000+00:00","anyway","",""
